Site,Imp_park,Imp_G,Imp_N,Imp_mid
TUF,44.47775474,45.69342135,35.4766689,40.99311576
BIK,74.30458083,74.09438776,75.46074868,74.69606561
SAC,39.1307121,41.08356466,42.98421808,38.16981373
MCM,60.7992601,61.53919755,56.09997131,58.55867347
POW,48.7473704,49.75447994,51.78935953,51.25506331
WAL,93.0150225,93.44575855,93.54653573,93.7908601
LIN,54.9956947,53.48955842,52.00803853,52.96443948
WIN,24.47130873,21.97830249,18.91047109,20.52606408